aragal-1,Test@123
aragal-2,Test@123
aragal-3,Test@123
aragal-4,Test@123
aragal-5,Test@123
aragal-6,Test@123
aragal-7,Test@123
aragal-8,Test@123
aragal-9,Test@123
aragal-10,Test@123
aragal-11,Test@123
aragal-12,Test@123
aragal-13,Test@123
aragal-14,Test@123
aragal-15,Test@123
aragal-16,Test@123
aragal-17,Test@123
aragal-18,Test@123
aragal-19,Test@123
aragal-20,Test@123
aragal-21,Test@123
aragal-22,Test@123
aragal-23,Test@123
aragal-24,Test@123
aragal-25,Test@123
aragal-26,Test@123
aragal-27,Test@123
aragal-28,Test@123
aragal-29,Test@123
aragal-30,Test@123
aragal-31,Test@123
aragal-32,Test@123
aragal-33,Test@123
aragal-34,Test@123
aragal-35,Test@123
aragal-36,Test@123
aragal-37,Test@123
aragal-38,Test@123
aragal-39,Test@123
aragal-40,Test@123
aragal-41,Test@123
aragal-42,Test@123
aragal-43,Test@123
aragal-44,Test@123
aragal-45,Test@123
aragal-46,Test@123
aragal-47,Test@123
aragal-48,Test@123
aragal-49,Test@123
aragal-50,Test@123
aragal-51,Test@123
aragal-52,Test@123
aragal-53,Test@123
aragal-54,Test@123
aragal-55,Test@123
aragal-56,Test@123
aragal-57,Test@123
aragal-58,Test@123
aragal-59,Test@123
aragal-60,Test@123
aragal-61,Test@123
aragal-62,Test@123
aragal-63,Test@123
aragal-64,Test@123
aragal-65,Test@123
aragal-66,Test@123
aragal-67,Test@123
aragal-68,Test@123
aragal-69,Test@123
aragal-70,Test@123
aragal-71,Test@123
aragal-72,Test@123
aragal-73,Test@123
aragal-74,Test@123
aragal-75,Test@123
aragal-76,Test@123
aragal-77,Test@123
aragal-78,Test@123
aragal-79,Test@123
aragal-80,Test@123
aragal-81,Test@123
aragal-82,Test@123
aragal-83,Test@123
aragal-84,Test@123
aragal-85,Test@123
aragal-86,Test@123
aragal-87,Test@123
aragal-88,Test@123
aragal-89,Test@123
aragal-90,Test@123
aragal-91,Test@123
aragal-92,Test@123
aragal-93,Test@123
aragal-94,Test@123
aragal-95,Test@123
aragal-96,Test@123
aragal-97,Test@123
aragal-98,Test@123
aragal-99,Test@123
aragal-100,Test@123